date,temp_max_f,temp_min_f,temp_mean_f,humidity_mean_pct,precipitation_in,wind_max_mph,wind_gust_max_mph,weather_code
2026-07-28,98.7,76.1,85.8,65,0.0,15.8,22.6,3
2026-07-29,99.1,76.6,86.9,61,0.0,16.2,23.3,1
2026-07-30,101.4,76.4,87.9,58,0.0,16.0,23.3,3
2026-07-31,100.2,76.1,87.2,59,0.0,14.4,21.7,3
2026-08-01,101.6,77.0,86.5,62,0.165,17.6,21.3,80
2026-08-02,101.4,81.1,89.9,42,0.0,9.7,19.9,3
2026-08-03,100.0,78.0,88.7,52,0.0,11.0,25.7,3
2026-08-04,98.2,78.7,86.8,66,0.0,10.7,23.3,3
2026-08-05,97.8,78.0,87.2,63,0.0,12.1,25.3,3
2026-08-06,101.3,80.4,88.7,64,0.0,13.1,28.6,3
2026-08-07,99.0,76.4,87.6,64,0.0,14.9,27.3,3
2026-08-08,98.3,77.3,86.8,62,0.0,11.2,24.6,3
2026-08-09,98.2,78.9,86.4,66,0.028,11.1,21.9,53
2026-08-10,100.3,77.6,86.8,66,0.0,16.1,23.7,3
2026-08-11,101.3,79.4,88.7,63,0.0,14.9,25.1,3
2026-08-12,101.7,79.1,88.8,63,0.0,13.0,28.0,3
2026-08-13,100.1,77.6,88.0,61,0.0,14.3,30.4,3
2026-08-14,97.3,79.0,85.3,69,0.0,13.0,28.4,3
2026-08-15,100.0,79.0,87.5,63,0.0,13.3,25.9,3
2026-08-16,98.3,77.5,86.7,62,0.0,10.0,26.8,3
2026-08-17,100.2,78.3,87.8,58,0.0,9.2,23.9,45
2026-08-18,100.3,77.8,87.9,57,0.0,10.5,25.1,1
2026-08-19,100.0,77.4,87.9,54,0.0,12.5,27.7,1
2026-08-20,101.8,78.1,88.7,60,0.0,12.2,25.1,2
2026-08-21,101.3,78.4,89.5,56,0.0,9.9,25.7,2
2026-08-22,103.0,78.1,89.6,52,0.0,7.6,21.9,2
2026-08-23,102.6,74.9,89.8,43,0.0,9.1,25.7,1
2026-08-24,102.0,75.3,88.5,49,0.0,12.7,29.3,1
2026-08-25,101.2,75.3,87.4,53,0.0,11.9,26.8,1
2026-08-26,101.7,78.4,89.2,56,0.0,8.3,23.7,3
2026-08-27,105.2,79.8,89.1,54,0.028,11.9,23.3,53
2026-08-28,99.2,78.2,86.8,60,0.016,14.1,33.1,51
2026-08-29,98.4,74.0,85.8,65,0.0,8.5,21.9,3
2026-08-30,98.6,77.0,87.1,61,0.0,13.2,23.9,3
2026-08-31,98.5,77.7,87.9,59,0.0,15.0,24.2,2
2026-09-01,99.1,78.3,88.0,57,0.0,8.8,21.5,3
2026-09-02,102.3,76.9,88.6,58,0.0,12.5,24.8,1
2026-09-03,106.1,81.8,89.0,61,0.028,15.1,27.3,53
2026-09-04,92.9,79.1,85.5,69,0.016,13.5,23.7,51
2026-09-05,98.1,79.4,87.5,63,0.0,10.4,25.3,3
2026-09-06,101.9,77.9,87.5,60,0.0,11.6,20.8,3
2026-09-07,99.1,78.4,88.3,59,0.0,10.7,23.7,3
2026-09-08,100.9,78.2,88.9,59,0.0,12.3,26.8,1
2026-09-09,97.5,79.4,86.8,65,0.0,12.8,23.5,3
2026-09-10,100.5,77.5,86.6,64,0.0,12.8,30.0,2
2026-09-11,101.3,77.5,88.2,63,0.0,12.3,29.3,3
2026-09-12,101.4,79.5,88.5,62,0.0,14.3,25.7,3
2026-09-13,102.5,79.4,87.9,65,0.0,13.4,28.2,3
2026-09-14,101.5,80.0,88.7,61,0.0,14.5,27.5,3
2026-09-15,102.0,79.0,88.4,58,0.0,13.9,26.4,3
2026-09-16,99.2,77.2,87.2,63,0.0,13.0,24.4,3
2026-09-17,96.2,75.7,85.4,68,0.0,14.3,21.5,3
2026-09-18,86.1,77.4,79.9,83,0.386,9.6,18.8,82
2026-09-19,92.8,75.7,82.6,76,0.0,5.6,18.8,3
2026-09-20,95.6,76.4,84.4,67,0.0,10.3,23.3,3
2026-09-21,97.9,77.4,86.6,62,0.0,9.2,18.3,3
2026-09-22,97.0,77.2,85.6,64,0.0,8.8,21.0,3
2026-09-23,96.0,76.1,84.8,67,0.043,12.6,21.9,55
2026-09-24,95.5,76.4,85.1,66,0.0,10.1,18.8,3
2026-09-25,96.4,75.4,85.6,61,0.0,6.5,15.4,3
2026-09-26,95.0,75.9,85.0,61,0.0,9.4,17.2,3
2026-09-27,99.8,73.9,85.2,59,0.0,9.6,21.0,3
2026-09-28,97.6,75.2,85.3,59,0.0,12.7,23.9,2
2026-09-29,96.1,75.1,84.4,68,0.0,14.6,27.1,3
2026-09-30,95.0,79.2,85.2,71,0.0,12.3,28.4,3
2026-10-01,86.5,73.0,78.9,85,0.484,12.3,30.2,65
2026-10-02,78.1,72.8,74.8,92,0.343,7.2,18.8,63
2026-10-03,79.9,72.6,75.2,87,0.0,10.5,23.7,3
2026-10-04,79.7,72.2,75.1,83,0.0,11.3,27.7,3
2026-10-05,87.9,71.2,78.7,66,0.0,11.0,27.1,3
2026-10-06,89.4,67.6,78.8,48,0.0,7.5,13.9,2
2026-10-07,91.1,64.0,77.4,48,0.0,9.4,14.1,0
2026-10-08,91.0,64.9,78.0,54,0.0,6.3,12.1,2
2026-10-09,90.6,67.2,78.4,52,0.0,7.1,11.6,3
